Roll,Name,Email,Phone,Discipline
110101,MD. ZAHIDUR RAHMAN,zahid110101@gmail.com,01511197916,ARCH
110104,Ayesha Rubaiyat,ayesharubaiyat04@gmail.com,01786775854,ARCH
110105,Kazi Asadullah Al Emran,archemran@gmail.com,+8801617110105,ARCH
110107,Md. Nazmus Sakib,nazmussakibtonu1990@gmail.com,+880 01722873726,ARCH
110108,Kazi Zayed Titumir,architect.zayed@gmail.com,01722544624,ARCH
110111,Jati Mallick,jatimallick0111@gmail.com,+880 01739521865,ARCH
110114,Azima Tabasum,tazima1804@gmail.com,01744545805,ARCH
110120,Muhaiminul Islam,mrahi9213@gmail.com,+1 7853171742,ARCH
110122,Mohsina Rahman,nasila2000@gmail.com,01762715353,ARCH
110125,SM Minhazul Abedin,mailtominhaz@gmail.com,+880 01617110125,ARCH
110126,Yead Rahman Nirzhar,architect.nirzhar@gmail.com,+880 1780302689,ARCH
110128,Muhammed Salek Imam Zilani,salekimam28@gmail.com,01612110128,ARCH
110130,Antu Das,antu.9019@gmail.com,+880 1815353539,ARCH
110134,Arifa Hossain Moni,arifaarch@gmail.com,01617110134,ARCH
110137,Awsaf Al-Rafi,awsaf.r37@hotmail.com,01557304190,ARCH
110201,Ananda Mohon Ghosh,anandamohong@gmail.com,01923866238,CSE
110202,MD. OMAR FARUQE SAGOR,shagor1102@cseku.ac.bd,+880 01928110237,CSE
110204,A. B. M. Muhitur Rahman,abm.cse.ku@gmail.com,01733623392,CSE
110205,Mostafizur Rahman,mostafizurku26@gmail.com,01923585957,CSE
110206,Anwesha paul,anwesha110206@gmail.com,01914477114,CSE
110207,Mahbuba Bintay Ali,sharna1367@gmail.com,01759126126,CSE
110209,S. M. Arafath Habib,akash110209@gmail.com,01912827721,CSE
110210,Shuvro Sarker,suvro22@outlook.com,01911976585,CSE
110211,Md Imran Hossain,imranku11@gmail.com,01789219903,CSE
110212,Zarrin Tasnim Asha,zarrin.ku@gmail.com,,CSE
110213,Partha Sarothi Dhali,parthasarothi91@gmail.com,01925676850,CSE
110214,Rayhan Ferdous,rayhan.ferdous@usask.ca,+13062633299,CSE
110215,Debashish Halder,debashish110215@gmail.com,+880 01923733948,CSE
110216,Tasnim Tarannum,tasnim.ku11@gmail.com,01918866626,CSE
110218,Apu Saha,cseapu.ku@gmail.com,+880 01723616619,CSE
110219,Sadman Sobhan,imran110219@gmail.com,+880 01912070224,CSE
110221,Md. Hasanul Islam Rubel,rubelcseku11@gmail.com,01923585801,CSE
110224,Laboni paul,laboniku110224@gmail.com,01746015957,CSE
110226,Mahfujul Kadir,mahfuj1126@cseku.ac.bd,,CSE
110228,Rahul Deb Mohalder,cserahul.ku@gmail.com,+8801711716494,CSE
110229,Khandker M Qaiduzzaman,nafees.ku11@gmail.com,+4917643817912,CSE
110230,Md. Aminul Islam,aminulislamcseku@gmail.com,8801405954024,CSE
110231,C M Khaled Saifullah,khaledkucse@gmail.com,+16473903452,CSE
110232,Md.shirajul islam,shirajul.islam51290@gmail.com,01537009732,CSE
110233,Farzana Yasmin Bithi,bithi.ku22@gmail.com,01677833588,CSE
110234,Rezoana Ahmed,sheme.cse@gmail.com,,CSE
110235,Prince Roy,princeroy.ku@gmail.com,01719777699,CSE
110238,Nurzahan Akter Jolly,jahanjolly.kucse11@gmail.com,01717966534,CSE
110239,Ferdous Bin Ali,hridoyferdous@yahoo.com,01675615851,CSE
110241,Sheikh Arman Ali,csearman@gmail.com,+880 01746923432,CSE
110242,Md- shakil ahmed,Bn.shakil.khu@gmail.com,01521239315,CSE
110243,Palash Kumar Sarker,cseku.palash2011@gmail.com,01793141026,CSE
110244,Mahfuzur Rahman Khan,mahfuzku11@gmail.com,+880 1964906676,CSE
110245,Ashikur Rahman,ku.sumon.cse@gmail.com,01612110245,CSE
110246,M. Raihan,raihanbme@gmail.com,+880 1714070902,CSE
110247,Prianka Biswas,pbp.priankabiswas@gmail.com,01738490424,CSE
110248,Md. Shahjahan,shahjahan1148@cseku.ac.bd,+880 01616505040,CSE
110249,S. M. Reaz Uddin,reazkucse@gmail.com,+880 1670673267,CSE
110250,Biplab Sarker,biplab1150@cseku.ac.bd,01925053256,CSE
110251,Samapti Mandal,samapti51227@gmail.vom,+8801723354844,CSE
110253,Ajay Kumar Yadav,ajaykucse11@hotmail.com,01687430392,CSE
110318,Sk. Rafiqul Alam,badtagar18@gmail.com,01761899610,BAD
110329,Jesmin Sultana,jesdolon@gmail.com,01775927963,BAD
110333,S. M. Mahfuzur Rahman,mahfuzbad@gmail.com,+880 1614110333,BAD
110409,Homyra Islam,raisa110409@gmail.com,+880 1756777424,URP
110418,Md. Shahin Yousuf,shahin.kurp11@gmail.com,+880 01937748478,URP
110420,Chiranjit Singha,chiranjitsingha.ku.urp@gmail.com,01829576857,URP
110422,Sandip Ray,sandipray0422@gmail.com,01704536477,URP
110424,Al Ferdous Ahmed,ferdous110424@gmail.com,+880 1737220057,URP
110425,Babujit Halder,babujitku@gmail.com,01759298843,URP
110429,Osman Goni,osmanrussel741516@gmail.com,+880 1937741516,URP
110432,Srijan Mazumder,srijan.planner@gmail.com,+49 15217281253,URP
110501,Nafisa Afrin,n.afrin1991@gmail.com,+880 01743030854,FWT
110502,Khan Md. Masudur Rahman,m.khanku91@gmail.com,01781659913,FWT
110505,TANAY BISWAS,tanayku11@gmail.com,+880 01981877958,FWT
110506,Sabin Sultana,sultana.sabrin92@gmail.com,+880 1950623156,FWT
110507,Md. Mehedi Hasan Manik,mehedihasanku11@gmail.com,+880 01682881228,FWT
110511,Lulu Raihan Khushi,rayhankhushi110511@gmail.com,+880 1717302717,FWT
110513,Md Toybur Rahman,mtrn.ku@gmail.com,+880 1917829029,FWT
110514,Md. Rafikul Islam,rafikulfwt@gmail.com,+46 727740799,FWT
110515,G.M.Ahshanuzzaman,ahsanrajku@gmail.com,+880 01717724530,FWT
110517,MD. JAHANGIR ALAM,alamfwtku@gmail.com,+880 01734896550,FWT
110519,Sumi Khatun,forestrywood73@gmail.com,+880 1880745318,FWT
110520,Mysha Farzana Peuny,mysha.fwt@gmail.com,+880 1790214279,FWT
110521,ATIKUR RAHMAN,atikfwt11@outlook.com,+880 01852325965,FWT
110522,Prity Lata Biswas,biswas.pritylata@gmail.com,+86 19945602044,FWT
110523,Suman Saha,sumanfwtku@gmail.com,+880 1743535886,FWT
110524,Md. Sajol Ahmed,sajolahmed19.ku@gmail.com,+880 01723468709,FWT
110525,TAHSINA TASMIN,tahsina.t92@gmail.com,01759949036,FWT
110527,Sharmin Parvin,forestrysilviculture738@gmail.com,+880 1727508097,FWT
110528,Hira Khanom,khanomhira053@gmail.com,+880 1670711848,FWT
110529,Amit Kumar Mondal,amitkufwt11@gmail.com,+880 1912904871,FWT
110530,Jamila Khatun,jamila.fwt.ku@gmail.com,+880 01946412966,FWT
110531,Md. Shanewas Hossain,shanewaspartho@gmail.com,+880 1914834572,FWT
110532,Shahelia Kabir,shahelia.arctech@gmail.com,01917874441,FWT
110534,G M Masum Billah,masumwcsbd@gmail.com,+880 01713138183,FWT
110537,Afrina Asrafi,afrinafwtku37@gmail.com,+880 1710862047,FWT
110538,Suresh Kumar Nath,suresh.fwt.ku@gmail.com,+880 1721964974,FWT
110540,MD MOSHIUR RAHAMAN,sobujfwtku@gmail.com,+880 1738336682,FWT
110541,Farhana Tasnim Lifa,ecoforestry17@gmail.com,+880 1711299522,FWT
110544,Abdullah Al-Imran,imranfwtku@gmail.com,+880 01714774586,FWT
110545,Shaila Sharmin Priya,forestryscience108@gmail.com,+880 1732459054,FWT
110601,MD. OHIDUZZAMAN,sojib001@gmail.com,+880 1710448646,FMRT
110602,Nazmul Hasan Sheikh,nazmulku11@gmail.com,01789511878,FMRT
110603,Sk. Asaduzzaman,sk.newtonkuft@gmail.com,+880 1740565619,FMRT
110604,Jahid Ahmed Chowdhury,jahidfmrt.ku_90@yahoo.com,+880 1723409106,FMRT
110605,Prosenjit Debnath,prosenjitfmrt12@gmail.com,+880 1926319948,FMRT
110607,MD. Mohim Al Mostaqur,mostaqur.reyad@gmail.com,+880 1723353118,FMRT
110609,Shuvrodeb Biswas,biswas.bd@yahoo.com,01720813070,FMRT
110610,Md.Robiul Islam,robiulku11@gmail.com,+880 01907728173,FMRT
110611,Shahitaj shiuli,shahitajshiuli@gmail.com,+880 01880729606,FMRT
110612,S. M. Abdullah,pervezmubbdullah11@gmail.com,+880 1681932200,FMRT
110613,Md. Al-amin Hossain,pioneer.alamin@gmail.com,+880 01739252992,FMRT
110614,MD. Aynur Rahman,aynurku80@gmail.com,+880 01758586765,FMRT
110615,Prosen Majumder,prosen.fmrt11@gmail.com,+880 1759180013,FMRT
110619,Md. Naser Ali Mahadi,naserfmrt11@gmail.com,+880 01744913966,FMRT
110620,Kamrun Nahar Chowdhury,tonnyishere@gmail.com,01718266606,FMRT
110621,Shayed Mehedi Hasan,hmehedi11ku@gmail.com,+880 01737724250,FMRT
110622,Nusrat Zahan,nazhan71@gmail.com,+880 01927408663,FMRT
110623,Tania Sultana Mohona,tania.ku.11@gmail.com,+880 1740221113,FMRT
110625,Chinmoy Sadhu Khan,skchinmoy@gmail.com,+880 01728256925,FMRT
110627,Md. Abu Sayeed,sayeed.ku.info@gmail.com,+880 01737233058,FMRT
110633,Basonti Mondal,basonti_ku@yahoo.com,+880 01980416541,FMRT
110635,Md. Alauddin Biswas,alauddinku24@gmail.com,+880 01982889104,FMRT
110636,DEBBRATA KUNDU,debbrata.kundu11@gmail.com,+880 01924199680,FMRT
110637,Kaniz Fatima Shishir,kanizfatimashishir@gmail.com,+880 01537631570,FMRT
110638,MD. IMRAN HOSSAIN,imran.ku.fmrt11@gmail.com,+880 1750443777,FMRT
110641,Jaya Golder,Jayagolder123@gmail.com,01723833345,FMRT
110644,Md. Asad Ali,imrandof41@gmail.com,+880 1575060774,FMRT
110707,Md saimoon Rahman,s.rahman.ku.bd@gmail.com,+1 110707,FMRT
110727,Md Nazmul Hasan,nhbge.nov@gmail.com,+880 179131456,BGE
110729,Md. Ashadujjaman Chowdhury Dipu,md._ashadujjaman_chowdhury_dipu@bat.com,+880 01611110729,BGE
110738,Md Rayhan Islam,rayhan.kubge11@gmail.com,+880 01758056077,BGE
110806,Afzal Hosen,afzalkuat@gmail.com,+880 01744651052,AT
110808,Sk. Monirul Islam,moonmonirul@gmail.com,01764540809,AT
110816,MD.RASHED-UL-ISLAM,rashedcr11@gmail.com,+880 +880 1717 999735,AT
110818,Prokash Chandra Biswas,prokashku92@gmail.com,+880 01757496996,AT
110820,Md Ashraf ali,ashraf.ku11@gmail.com,+880 01936118047,AT
110822,Mir Rakibul Islam,mirrakibulislam.120@gmail.com,01712555896,AT
110826,Shahadath Hossain,shd.at26@gmail.com,+880 01718305090,AT
110827,Yadul Islam,atsujonku@gmail.com,01741608187,AT
110830,Md. Kamal Hossain,jony.kamalku@gmail.com,01729588619,AT
110832,Eeshita Mandal,eeshitamandal1606@gmail.com,+880 1733171506,AT
110834,Avijit Das,avijit3446@gmail.com,01715987972,AT
110837,Md. Habibur Rahman,habibabir4@gmail.com,+880 01937783745,AT
110838,Md. Khalid Mahmud,khalid11mahmud@gmail.com,+880 1939247654,AT
110839,Saurav Debnath,sauravku39@gmail.com,+880 1637940910,AT
110844,MD. MEHEDI HASAN,mehediku99@gmail.com,+880 01317773099,AT
110903,Md Mahmud Hasan,mahmud.eceku@gmail.com,+49 15210829892,ECE
110905,Abdullah Al Mamun,mamun.anedoict21@gmail.com,01682229238,ECE
110908,K. M. SARIF ISLAM,kmsarifislam@gmail.com,+880 1962424881,ECE
110909,FAISAL KABIR,fkabirku@gmail.com,+880 1671756208,ECE
110910,Md. Masum Billah,kazol.eceku@gmail.com,+880 01918609177,ECE
110914,Ahmed Saif Muntaseer,saifmuntaseer@yahoo.com,+880 01676328555,ECE
110915,Md. Nazmul Islam,tamal.tomal@gmail.com,+880 01833182862,ECE
110916,Masrur Arefin,masrur.arefin@gmail.com,+1 9862307302,ECE
110924,Mohammad Omar Faruque,omar.ece11@gmail.com,+880 1613110924,ECE
110925,Sabiha Mehbuba,sabiha.mehbuba25@gmail.com,+880 1708988117,ECE
110926,Md. Mufakkir Hasan(Nabil),minabil30@gmail.com,+880 01771024222,ECE
110927,Md. Ekhlasur Rahaman,ekhlaseceku@gmail.com,01920436664,ECE
110928,Himadri Shekhar Mondal,bdhimadri@gmail.com,+61 0474528635,ECE
110929,SYED NUR A MUTASIM BILLAH,syednurbillah@gmail.com,+880 01737568902,ECE
110930,Md Shameem Reza,shameem30@yahoo.com,+880 1743161865,ECE
110932,MD MAHMUDUL HASAN,mdmhasan0323@gmail.com,+880 1751833968,ECE
110939,Usama Rashead,usamarashead@gmail.com,+880 01708518445,ECE
110940,Md Aminul Kabir,amin.kabir99@gmail.com,+880 1911653177,ECE
110941,SHAMLENDU SARKAR,shamolkuece@gmail.com,+880 1733805352,ECE
110947,Md Mahmudul Hasan,mhrudro47@gmail.com,01962425393,ECE
110949,MD TANVEER ALAM,tanviralam21@gmail.com,01717416927,ECE
110950,Md. Ehsanul Hoque,ehsanlikhon.ece11@gmail.com,+880 1917753390,ECE
111003,Syed Muktaderul Islam,syed.islam@live.com,+880 01700771907,ES
111007,Mosharof Hossain,mosharofhossain00745@gmail.com,+880 1979111007,ES
111033,SK. REZOWAN-UL-ISLAM,rez1islam@gmail.com,+880 01674193039,ES
111034,Tulip Sarkar,tulipsarkar21@yahoo.com,+880 1717995455,ES
111109,Md. Attiquzzaman,zaman111109@gmail.com,+880 01733813939,PHARM
111118,Sifujjaman Rony,sifujjaman@gmail.com,01988029729,PHARM
111121,Rashel Ahamed,raselahmedku1@gmail.com,+880 1723314348,PHARM
111122,MD. FAISAL AHAD,ahadmfaisal@gmail.com,+8801712448822,PHARM
111137,Pranab Chakma,pranab52cuc@yahoo.com,+880 1737454884,PHARM
111227,Md Taibur Rahman,taibur.rahaman.7@gmail.com,+880 01911632296,MATH
111239,Mahmuda Khatun,mahmuda.ku@gmail.com,+880 01763033077,MATH
111241,MD. SAIFUL ISLAM,islamku111241@gmail.com,+880 01923062226,MATH
111243,Md.Saddam Hossain,saddam111243@yahoo.com,+880 01916000921,MATH
111254,Md. Ahsanul Hoque Fahim,fahim86015@gmail.com,01723504425,MATH
111328,MD ZEHAD HOSEN MUNSI,zehadku@gmail.com,+880 01312264696,SWE
111336,Md. Zahid Hossain Rana,zahid.ku11@gmail.com,+880 8801830602008,SWE
111339,Tipu Sultan,tipu.ku11@gmail.com,+880 1741544286,SWE
111346,Md. Shahinur Rahman,samratms16@gmail.com,+880 01751-786970,SWE
111350,Puja Biswas,poozabiswasmitu@gmail.com,01782317136,SWE
111412,ashiqur rahman,ashiqur111412@gmail.com,+880 1615308122,ENG
111416,Ahmad Al Razi,ahmadalrazi006@gmail.com,+880 1670695630,ENG
111421,Aziza Khairun,azizakhairun@gmail.com,+880 01783413004,ENG
111425,RUKAIYA KHATUN,rukaiya25@gmail.com,+880 01964649648,ENG
111427,Md. Habibullah Bahar,hbahar.eng11@gmail.com,01745314109,ENG
111432,Ujjwal Halder,ujjwalhalder111@gmail.com,01912855288,ENG
111434,Md Najmus Sakib,nipunsakib@gmail.com,01558904016,ENG
111502,MD. Ali Ahmmed,faridskku111502@gmail.com,+880 01922093498,ECON
111506,SUDHA GHOSH,sudhaghoshku@yahoo.com,1935275464,ECON
111508,Rubel Islam,rubelislamku11@gmail.com,+880 01716790813,ECON
111513,Sk. Faijan Bin Halim,faijan@econ.ku.ac.bd,+880 1954430999,ECON
111514,Jahangir Polash,polash.jahangirku@gmail.com,+880 1776950921,ECON
111523,M. EJABUL HAQUE,Ejabulromy8@gmail.com,01711395820,ECON
111525,Md. Rakib Hasan,rakibalalihasan.ku@gmail.com,01913215649,ECON
111527,Mithun Bairagy-Chakma,mithuneconku@gmail.com,01680508390,ECON
111528,S. M. Yusuf Ali,yusuf2ku@gmail.com,+880 01734052603,ECON
111531,Sk. Mahfujul Hasan,mahfuj.econ11@gmail.com,+880 01764237218,ECON
111601,Afsana Polly,afsana.polly@soc.ku.ac.bd,+880 1929037140,SOC
111604,A.H. Shakkhor,shakkhoa@gmail.com,01718700252,SOC
111605,Sykat Mondal,mondalsykat@gmail.com,+880 01996160660,SOC
111606,Tasmin Nahar,aneykusoc11@gmail.com,+880 01717530424,SOC
111608,Md anowar Hossain,Hossainanowar2030@gmail.com,01823107503,SOC
111609,Md. Jumman Hossain,jumman.odesk@gmail.com,+880 01915826826,SOC
111613,G.M. Maksudulla,maksudulla.r.ku@gmail.com,01713-554435,SOC
111615,Anupam Roy,anupamku91@gmail.com,+880 01317257952,SOC
111617,Jumpa Mondal,bdjhumpa@gmail.com,01726-125304,SOC
111621,Naim Rahman Samrat,naim80samrat@gmail.com,+880 01920110333,SOC
111622,Md. Shawkat Hossain Gazi,shawkatku11@gmail.com,01711106199,SOC
111624,Md Yousup Dhali,yousup11ku@gmail.com,01917553390,SOC
111626,Asma Islam Sathi,asmasathi26@gmail.com,+880 01964152316,SOC
111628,saddam Hossain,saddamku@gmail.com,+880 01748325543,SOC
111630,Rifat Ara,rifatara7583@gmail.com,01737352311,SOC
111631,Nazmul Islam,nazmul1131@gmail.com,+880 -1773-681091,SOC
111632,MD. MILON-Hossain,milon.ku.422@gmail.com,+880 01719137075,SOC
111635,Rabeya Sultana Rifat,rifatsultana71@gmail.com,01925578479,SOC
111640,Sidhartha Mandal,sidharmondal@gmail.com,+880 1929915479,SOC
111643,MD. BILLAL Hossain,billalrdf22@gmail.com,+880 01966016737,SOC
111644,Raimohon Sarkar,raimohonku11@gmail.com,+880 01921919596,SOC
111648,Laila Tabasum,onni.812635@gmail.com,+880 01920426711,SOC
111651,Somnath Sarkar (Sumon),sumon12081991@gmail.com,+880 01729541777,SOC
111652,Md.Mizanur Rahman,mijan.kusoc@gmail.com,+880 1932629099,SOC
111726,Md. Rokibul Hasan Moon,moon.phy2011@gmail.com,01913177437,PHY
111728,Rezanul Islam,rezanul89@gmail.com,+880 1913912498,PHY
111733,Shahin Anowar,anowar9260@gmail.com,+880 1961101794,PHY
111742,Kazi Aminul Islam,anitkazi16@gmail.com,+880 1758777690,PHY
111801,Md. Sohel Rana,srana.ku11@gmail.com,01729366831,CHEM
111812,ASADUZZAMAN,asadku1993@gmail.com,+880 1927173717,CHEM
111841,Hasan Md. Ashekul Islam,chemistashik17@gmail.com,+880 1710123694,CHEM
111901,Labanya mondal,labanya1357@gmail.com,+880 01787894415,BANGLA
111905,Md. Al noman,nomanretake@gmail.com,+8801714119292,BANGLA
111917,Ali Shahriar,shahriarkanak1960@gmail.com,+880 1758484983,BANGLA
111919,Nazmul Hasan,sajalhasan333@gmail.com,+8801701022567,BANGLA
111920,Arafin Happy,r.aranewone2024@gmail.com,+43 4367763934317,BANGLA
111922,Shamima Akter,shamimaakter.ku@gmail.com,+880 1752967995,BANGLA
111926,Shakila Alam,shakilasr.ku26@gmail.com,01778714954,BANGLA
111928,Sabuj Kumar Mondal,mondalsabuj07@gmail.com,+880 1920-587415,BANGLA
111933,Sufal das,sufal.dmtcl.ku@gmail.com,+880 01739322587,BANGLA